[
  {
    "name": "Loodgietersbedrijf Amsterdam",
    "slug": "loodgietersbedrijf-amsterdam",
    "tagline": "Snel ter plaatse – no cure, no pay",
    "categories": ["Loodgieter"],
    "city": "Amsterdam",
    "website": "https://www.loodgietersbedrijfamsterdam.com/",
    "email": "",
    "phone": "0207165306",
    "source": "turn0search0"
  },
  {
    "name": "MC Loodgieter Amsterdam",
    "slug": "mc-loodgieter-amsterdam",
    "tagline": "Spoedservice bij lekkage en verstopping",
    "categories": ["Loodgieter"],
    "city": "Amsterdam",
    "website": "https://www.mc-loodgieter.nl/",
    "email": "",
    "phone": "0639459551",
    "source": "turn0search4"
  },
  {
    "name": "ISA Loodgieter Amsterdam",
    "slug": "isa-loodgieter-amsterdam",
    "tagline": "24/7 bereikbaar, geen voorrijkosten",
    "categories": ["Loodgieter"],
    "city": "Amsterdam",
    "website": "https://isa-loodgieters.nl/",
    "email": "info@isa-loodgieters.nl",
    "phone": "0206885629",
    "source": "turn0search12"
  },
  {
    "name": "Loodgieter in Amsterdam",
    "slug": "loodgieter-in-amsterdam",
    "tagline": "Lekkage, verstopping of CV-ketel probleem",
    "categories": ["Loodgieter"],
    "city": "Amsterdam",
    "website": "https://www.loodgieterinamsterdam.com/",
    "email": "",
    "phone": "0202611300",
    "source": "turn0search16"
  },
  {
    "name": "Lekkage Loodgieter Amsterdam",
    "slug": "lekkage-loodgieter-amsterdam",
    "tagline": "24/7 spoedservice, ontstopping en leidingen",
    "categories": ["Loodgieter"],
    "city": "Amsterdam",
    "website": "https://lekkage-loodgieter.nl/",
    "email": "",
    "phone": "",
    "source": "turn0search20"
  },
  {
    "name": "Vak Loodgieter Amsterdam",
    "slug": "vak-loodgieter-amsterdam",
    "tagline": "Professioneel en vakkundig, ook spoed",
    "categories": ["Loodgieter"],
    "city": "Amsterdam",
    "website": "https://vakloodgieteramsterdam.nl/",
    "email": "",
    "phone": "",
    "source": "turn0search24"
  },
  {
    "name": "Ricardo Groen Schildersbedrijf",
    "slug": "ricardo-groen-schildersbedrijf",
    "tagline": "Schilder in Rotterdam met 15 jaar ervaring",
    "categories": ["Schilder"],
    "city": "Rotterdam",
    "website": "https://ricardogroen.nl/",
    "email": "",
    "phone": "",
    "source": "turn0search1"
  },
  {
    "name": "Vink Schilderwerken Rotterdam",
    "slug": "vink-schilderwerken-rotterdam",
    "tagline": "Hoogwaardig schilderwerk",
    "categories": ["Schilder"],
    "city": "Rotterdam",
    "website": "https://www.schildersbedrijfvink.nl/rotterdam/",
    "email": "",
    "phone": "",
    "source": "turn0search5"
  },
  {
    "name": "Perfectieschilders Rotterdam",
    "slug": "perfectieschilders-rotterdam",
    "tagline": "Schilder, stuc en totaalonderhoud",
    "categories": ["Schilder"],
    "city": "Rotterdam",
    "website": "https://perfectieschilders.nl/",
    "email": "",
    "phone": "",
    "source": "turn0search13"
  },
  {
    "name": "Schilder-Gigant Rotterdam",
    "slug": "schilder-gigant-rotterdam",
    "tagline": "Binnen- en buitenschilderwerk",
    "categories": ["Schilder"],
    "city": "Rotterdam",
    "website": "https://www.schilder-gigant.nl/vestigingen/schilder-rotterdam/",
    "email": "",
    "phone": "",
    "source": "turn0search21"
  },
  {
    "name": "Berchemi Schilders",
    "slug": "berchemi-schilders",
    "tagline": "Binnenschilderwerk, buitenschilderwerk en houtrenovatie",
    "categories": ["Schilder"],
    "city": "Rotterdam",
    "website": "https://berchemischilders.nl/",
    "email": "",
    "phone": "",
    "source": "turn0search25"
  },
  {
    "name": "Verdi Tuinen",
    "slug": "verdi-tuinen",
    "tagline": "Hovenier Utrecht en omgeving",
    "categories": ["Hovenier"],
    "city": "Utrecht",
    "website": "https://www.verdituinen.nl/hovenier-utrecht/",
    "email": "",
    "phone": "",
    "source": "turn0search2"
  },
  {
    "name": "Van Breukelen Groenvoorzieningen",
    "slug": "van-breukelen-groenvoorzieningen",
    "tagline": "Dé hovenier voor uw tuin in Utrecht",
    "categories": ["Hovenier"],
    "city": "Utrecht",
    "website": "https://www.vanbreukelengroen.nl/hovenier-utrecht/",
    "email": "",
    "phone": "",
    "source": "turn0search6"
  },
  {
    "name": "Tuinwerk Utrecht",
    "slug": "tuinwerk-utrecht",
    "tagline": "Tuinonderhoud, tuinaanleg en bestrating",
    "categories": ["Hovenier"],
    "city": "Utrecht",
    "website": "https://www.tuinwerk.nu/",
    "email": "",
    "phone": "",
    "source": "turn0search10"
  },
  {
    "name": "Schoffelstudent Hovenier Utrecht",
    "slug": "schoffelstudent-hovenier-utrecht",
    "tagline": "Tuinonderhoud en tuinaanleg in en om Utrecht",
    "categories": ["Hovenier"],
    "city": "Utrecht",
    "website": "https://schoffelstudent.nl/hovenier-utrecht/",
    "email": "",
    "phone": "",
    "source": "turn0search22"
  },
  {
    "name": "Hira Power Complete Tuin Onderhoud (HPCTO)",
    "slug": "hira-power-complete-tuin-onderhoud",
    "tagline": "Goed beoordeelde hovenier uit Utrecht (Werkspot)",
    "categories": ["Hovenier"],
    "city": "Utrecht",
    "website": "https://www.werkspot.nl/tuinieren-buiten/hovenier-vakmannen/utrecht",
    "email": "",
    "phone": "",
    "source": "turn1view3"
  },
  {
    "name": "M Bossenbroek Tuinonderhoud",
    "slug": "m-bossenbroek-tuinonderhoud",
    "tagline": "Tuinonderhoud regio Utrecht",
    "categories": ["Hovenier"],
    "city": "Utrecht",
    "website": "https://www.werkspot.nl/tuinieren-buiten/hovenier-vakmannen/utrecht",
    "email": "",
    "phone": "",
    "source": "turn1view3"
  },
  {
    "name": "i-Lizard",
    "slug": "i-lizard",
    "tagline": "Hovenier/tuinprojecten Utrecht",
    "categories": ["Hovenier"],
    "city": "Utrecht",
    "website": "https://www.werkspot.nl/tuinieren-buiten/hovenier-vakmannen/utrecht",
    "email": "",
    "phone": "",
    "source": "turn1view3"
  },
  {
    "name": "David tuin en klus",
    "slug": "david-tuin-en-klus",
    "tagline": "Tuinonderhoud en klussen",
    "categories": ["Hovenier", "Klusbedrijf"],
    "city": "Utrecht",
    "website": "https://www.werkspot.nl/tuinieren-buiten/hovenier-vakmannen/utrecht",
    "email": "",
    "phone": "",
    "source": "turn1view3"
  },
  {
    "name": "Hesco",
    "slug": "hesco-utrecht",
    "tagline": "Hovenier met goede reviews",
    "categories": ["Hovenier"],
    "city": "Utrecht",
    "website": "https://www.werkspot.nl/tuinieren-buiten/hovenier-vakmannen/utrecht",
    "email": "",
    "phone": "",
    "source": "turn1view3"
  },
  {
    "name": "Elegant Renovatie (Utrecht, hovenierslijst)",
    "slug": "elegant-renovatie-utrecht",
    "tagline": "Tuin- en buitenwerk",
    "categories": ["Hovenier"],
    "city": "Utrecht",
    "website": "https://www.werkspot.nl/tuinieren-buiten/hovenier-vakmannen/utrecht",
    "email": "",
    "phone": "",
    "source": "turn1view3"
  },
  {
    "name": "van Elswijk Klusbedrijf",
    "slug": "van-elswijk-klusbedrijf",
    "tagline": "Bestrating, tuin en onderhoud",
    "categories": ["Hovenier", "Klusbedrijf"],
    "city": "Utrecht",
    "website": "https://www.werkspot.nl/tuinieren-buiten/hovenier-vakmannen/utrecht",
    "email": "",
    "phone": "",
    "source": "turn1view3"
  },
  {
    "name": "DC-KlusBedrijf",
    "slug": "dc-klusbedrijf",
    "tagline": "Klus- en tuinwerk regio Utrecht",
    "categories": ["Klusbedrijf"],
    "city": "Utrecht",
    "website": "https://www.werkspot.nl/tuinieren-buiten/hovenier-vakmannen/utrecht",
    "email": "",
    "phone": "",
    "source": "turn1view3"
  },
  {
    "name": "Dakdekkersbedrijf Hans Top & Zoon",
    "slug": "dakdekkersbedrijf-hans-top-en-zoon",
    "tagline": "Gratis dakinspectie, meer dan 40 jaar ervaring",
    "categories": ["Dakdekker"],
    "city": "Groningen",
    "website": "https://hanstop.nl/",
    "email": "",
    "phone": "",
    "source": "turn0search3"
  },
  {
    "name": "Dak Montage Noord",
    "slug": "dak-montage-noord",
    "tagline": "Dakbedekking en dakreparatie",
    "categories": ["Dakdekker"],
    "city": "Groningen",
    "website": "https://www.dakmontagenoord.nl/",
    "email": "",
    "phone": "0502600008",
    "source": "turn0search7"
  },
  {
    "name": "Gonzalez Dakbedekking",
    "slug": "gonzalez-dakbedekking",
    "tagline": "Specialist in bitumineuze dakbedekking",
    "categories": ["Dakdekker"],
    "city": "Groningen",
    "website": "https://www.gonzalezdakbedekking.nl/",
    "email": "",
    "phone": "0508512038",
    "source": "turn0search11"
  },
  {
    "name": "De Dakberen",
    "slug": "de-dakberen",
    "tagline": "Dakdekker Groningen – 7 dagen per week",
    "categories": ["Dakdekker"],
    "city": "Groningen",
    "website": "https://dedakberen.nl/dakdekker-groningen/",
    "email": "",
    "phone": "",
    "source": "turn0search19"
  },
  {
    "name": "Levabe Daktechniek",
    "slug": "levabe-daktechniek",
    "tagline": "Dakrenovatie, reparatie en onderhoud",
    "categories": ["Dakdekker"],
    "city": "Groningen",
    "website": "https://levabedaktechniek.nl/",
    "email": "",
    "phone": "0622429971",
    "source": "turn0search23"
  },
  {
    "name": "Novon Schoonmaak Zwolle",
    "slug": "novon-schoonmaak-zwolle",
    "tagline": "Het meest persoonlijke schoonmaakbedrijf",
    "categories": ["Schoonmaakbedrijf"],
    "city": "Zwolle",
    "website": "https://novon.nl/",
    "email": "info@novon.nl",
    "phone": "0859024500",
    "source": "turn2search0"
  },
  {
    "name": "Cleanya Zwolle",
    "slug": "cleanya-zwolle",
    "tagline": "Schoonmaak van woningen en werkruimtes",
    "categories": ["Schoonmaakbedrijf"],
    "city": "Zwolle",
    "website": "https://www.cleanya.nl/",
    "email": "",
    "phone": "",
    "source": "turn2search4"
  },
  {
    "name": "Clau & Clean Zwolle",
    "slug": "clau-and-clean-zwolle",
    "tagline": "Kwaliteit en hygiëne voorop",
    "categories": ["Schoonmaakbedrijf"],
    "city": "Zwolle",
    "website": "https://www.clauandclean.nl/",
    "email": "",
    "phone": "",
    "source": "turn2search12"
  },
  {
    "name": "Siesling Zwolle",
    "slug": "siesling-zwolle",
    "tagline": "Specialistische schoonmaak",
    "categories": ["Schoonmaakbedrijf"],
    "city": "Zwolle",
    "website": "https://siesling.nl/schoonmaakbedrijf-zwolle/",
    "email": "",
    "phone": "",
    "source": "turn2search16"
  },
  {
    "name": "Asito Zwolle",
    "slug": "asito-zwolle",
    "tagline": "Facilitaire dienstverlening",
    "categories": ["Schoonmaakbedrijf"],
    "city": "Zwolle",
    "website": "https://www.asito.nl/locaties/zwolle",
    "email": "",
    "phone": "",
    "source": "turn2search8"
  },
  {
    "name": "Slotenmaker Den Haag",
    "slug": "slotenmaker-den-haag",
    "tagline": "24/7 bereikbaar, binnen 20 minuten op locatie",
    "categories": ["Slotenmaker"],
    "city": "Den Haag",
    "website": "https://www.slotenmakerdenhaag.nl/",
    "email": "",
    "phone": "0707830029",
    "source": "turn2search2"
  },
  {
    "name": "Slotenmaker Den Haag SDH Centrum",
    "slug": "slotenmaker-den-haag-sdh",
    "tagline": "Politiekeurmerk, geen voorrijkosten",
    "categories": ["Slotenmaker"],
    "city": "Den Haag",
    "website": "https://slotenmaker-denhaag.nl/",
    "email": "",
    "phone": "0652333817",
    "source": "turn2search6"
  },
  {
    "name": "Van Delft Slotenmaker Den Haag",
    "slug": "van-delft-slotenmaker-den-haag",
    "tagline": "Altijd bereikbaar, snel ter plaatse",
    "categories": ["Slotenmaker"],
    "city": "Den Haag",
    "website": "https://www.vandelftslotenmaker.nl/slotenmaker-den-haag",
    "email": "",
    "phone": "0703451800",
    "source": "turn2search10"
  },
  {
    "name": "Nieuwe Poort Slotenmaker Den Haag",
    "slug": "nieuwe-poort-slotenmaker-den-haag",
    "tagline": "Binnen 30 minuten ter plaatse",
    "categories": ["Slotenmaker"],
    "city": "Den Haag",
    "website": "https://nieuwepoortslotenmaker.nl/",
    "email": "",
    "phone": "0702042122",
    "source": "turn2search14"
  },
  {
    "name": "A-Keys Slotenmaker Den Haag",
    "slug": "a-keys-slotenmaker-den-haag",
    "tagline": "Hang- en sluitwerk, schadeherstel",
    "categories": ["Slotenmaker"],
    "city": "Den Haag",
    "website": "https://www.a-keys.nl/",
    "email": "",
    "phone": "",
    "source": "turn2search18"
  },
  {
    "name": "De Glascentrale Tilburg",
    "slug": "de-glascentrale-tilburg",
    "tagline": "Allround glashandel, 24/7 glasservice",
    "categories": ["Glaszetter"],
    "city": "Tilburg",
    "website": "https://www.deglascentrale.nl/",
    "email": "",
    "phone": "",
    "source": "turn2search3"
  },
  {
    "name": "Glaszetter Tilburg 24/7",
    "slug": "glaszetter-tilburg-247",
    "tagline": "Snel, betrouwbaar en 24/7 service",
    "categories": ["Glaszetter"],
    "city": "Tilburg",
    "website": "https://glaszettertilburg.net/",
    "email": "",
    "phone": "",
    "source": "turn2search7"
  },
  {
    "name": "NuGlasNodig",
    "slug": "nuglasnodig",
    "tagline": "Plaatsen en repareren van HR++ en ander glas",
    "categories": ["Glaszetter"],
    "city": "Tilburg",
    "website": "https://nuglasnodig.nl/",
    "email": "",
    "phone": "",
    "source": "turn2search11"
  },
  {
    "name": "Van der Meijs Glas Tilburg",
    "slug": "van-der-meijs-glas-tilburg",
    "tagline": "’s morgens gebeld, ’s middags hersteld",
    "categories": ["Glaszetter"],
    "city": "Tilburg",
    "website": "https://www.vandermeijs.nl/glaszetter",
    "email": "",
    "phone": "",
    "source": "turn2search15"
  },
  {
    "name": "Glas-Gigant Tilburg",
    "slug": "glas-gigant-tilburg",
    "tagline": "Lokale glaszetter, ook isolatieglas",
    "categories": ["Glaszetter"],
    "city": "Tilburg",
    "website": "https://www.glas-gigant.nl/glaszetter-tilburg/",
    "email": "",
    "phone": "",
    "source": "turn2search19"
  },
  {
    "name": "IntegriTech B.V.",
    "slug": "integritech-bv",
    "tagline": "Bouwkundige veiligheid en klussen (Trustoo-lijst Eindhoven)",
    "categories": ["Timmerman", "Klusbedrijf"],
    "city": "Eindhoven",
    "website": "https://trustoo.nl/noord-brabant/eindhoven/timmerman/",
    "email": "",
    "phone": "",
    "source": "turn3view0"
  },
  {
    "name": "VN Klusbedrijf",
    "slug": "vn-klusbedrijf-eindhoven",
    "tagline": "Allround klusbedrijf, direct beschikbaar",
    "categories": ["Timmerman", "Klusbedrijf"],
    "city": "Eindhoven",
    "website": "https://trustoo.nl/noord-brabant/eindhoven/timmerman/",
    "email": "",
    "phone": "",
    "source": "turn3view0"
  },
  {
    "name": "Dak & Timmerwerk Deluxe",
    "slug": "dak-en-timmerwerk-deluxe",
    "tagline": "Dak- en timmerwerk, gratis dakinspectie",
    "categories": ["Timmerman", "Dakdekker"],
    "city": "Eindhoven",
    "website": "https://trustoo.nl/noord-brabant/eindhoven/timmerman/",
    "email": "",
    "phone": "",
    "source": "turn3view0"
  },
  {
    "name": "MV Totaalbouw",
    "slug": "mv-totaalbouw-eindhoven",
    "tagline": "Wanden, plafonds en verbouw",
    "categories": ["Timmerman", "Aannemer"],
    "city": "Eindhoven",
    "website": "https://trustoo.nl/noord-brabant/eindhoven/timmerman/",
    "email": "",
    "phone": "0732120501",
    "source": "turn3view0"
  },
  {
    "name": "NNS Timmerbedrijf",
    "slug": "nns-timmerbedrijf",
    "tagline": "Kwaliteitswerk, efficiënt opleveren",
    "categories": ["Timmerman"],
    "city": "Eindhoven",
    "website": "https://trustoo.nl/noord-brabant/eindhoven/timmerman/",
    "email": "",
    "phone": "0207474277",
    "source": "turn3view0"
  },
  {
    "name": "Elektrawerken Nederland B.V.",
    "slug": "elektrawerken-nederland-bv",
    "tagline": "Elektrotechnische installaties – Weesp",
    "categories": ["Elektricien", "Installatie"],
    "city": "Weesp",
    "website": "https://www.ewn.nl/",
    "email": "info@ewn.nl",
    "phone": "0294-413944",
    "source": "turn0search1"
  },
  {
    "name": "Fontein Elektrotechniek",
    "slug": "fontein-elektrotechniek",
    "tagline": "Elektrotechnische installatiebedrijf regio Den Haag",
    "categories": ["Elektricien", "Installatie"],
    "city": "Leidschendam",
    "website": "https://fonteinelektrotechniek.nl/elektrotechnisch-installatiebedrijf/",
    "email": "info@fonteinelektrotechniek.nl",
    "phone": "071-5803324",
    "source": "turn0search3"
  },
  {
    "name": "Van Lanen BV Elektro-Installatiebedrijf",
    "slug": "van-lanen-elektro-installatiebedrijf",
    "tagline": "Familiebedrijf sinds 1979 – Mill",
    "categories": ["Elektricien", "Installatie"],
    "city": "Mill",
    "website": "https://etbvanlanen.nl/contact",
    "email": "info@etbvanlanen.nl",
    "phone": "0485-451946",
    "source": "turn0search4"
  },
  {
    "name": "Kampert Elektro BV",
    "slug": "kampert-elektro-bv",
    "tagline": "Elektrotechnisch installateur – Wekerom",
    "categories": ["Elektricien", "Installatie"],
    "city": "Wekerom",
    "website": "https://www.kampertelektro.nl/",
    "email": "info@kampertelektro.nl",
    "phone": "0318-255068",
    "source": "turn0search5"
  },
  {
    "name": "Electra & Zo ETIB",
    "slug": "electra-en-zo-etib",
    "tagline": "Erkend elektrotechnisch installateur – Nijmegen",
    "categories": ["Elektricien", "Installatie"],
    "city": "Nijmegen",
    "website": "https://www.electraenzo.nl/",
    "email": "info@electraenzo.nl",
    "phone": "024-3609393",
    "source": "turn0search15"
  },
  {
    "name": "Borms Elektrotechniek BV",
    "slug": "borms-elektrotechniek-bv",
    "tagline": "Al 44 jaar uw elektra expert – Haarlem e.o.",
    "categories": ["Elektricien", "Installatie"],
    "city": "Haarlem",
    "website": "https://borms.nl/",
    "email": "",
    "phone": "",
    "source": "turn0search9"
  },
  {
    "name": "Elektricien Louwmans",
    "slug": "elektricien-louwmans",
    "tagline": "24/7 bereikbare elektricien – landelijk netwerk",
    "categories": ["Elektricien", "Spoedservice"],
    "city": "Amsterdam",
    "website": "https://www.elektricien-louwmans.nl/",
    "email": "",
    "phone": "085-0190035",
    "source": "turn0search14"
  },
  {
    "name": "Elektra Koning",
    "slug": "elektra-koning",
    "tagline": "Uw elektricien in Den Haag",
    "categories": ["Elektricien", "Installatie"],
    "city": "Den Haag",
    "website": "https://www.elektrakoning.nl/contact",
    "email": "info@elektrakoning.nl",
    "phone": "070-2042229",
    "source": "turn0search19"
  },
  {
    "name": "E+M Installaties",
    "slug": "e-m-installaties",
    "tagline": "Dé oplossing in elektrotechniek – Delft",
    "categories": ["Elektricien", "Installatie"],
    "city": "Delft",
    "website": "https://eminstallaties.nl/",
    "email": "",
    "phone": "015-3612524",
    "source": "turn0search7"
  },
  {
    "name": "Elektricien Experts",
    "slug": "elektricien-experts",
    "tagline": "Landelijk netwerk van elektra specialisten",
    "categories": ["Elektricien", "Installatie"],
    "city": "Nederland",
    "website": "https://elektricien-experts.nl/contact/",
    "email": "info@elektricien-experts.nl",
    "phone": "085-2129920",
    "source": "turn0search12"
  },
  {
    "name": "Bouwbedrijf van den Broek",
    "slug": "bouwbedrijf-van-den-broek",
    "tagline": "Allround aannemer – Nieuwbouw & Renovatie",
    "categories": ["Aannemer", "Bouwbedrijf"],
    "city": "Den Bosch",
    "website": "https://www.bouwbedrijfvandenbroek.nl/",
    "email": "info@bouwbedrijfvandenbroek.nl",
    "phone": "073-5219200"
  },
  {
    "name": "Heijmans Bouw",
    "slug": "heijmans-bouw",
    "tagline": "Landelijk actief in woningbouw en infra",
    "categories": ["Aannemer"],
    "city": "Rosmalen",
    "website": "https://www.heijmans.nl/",
    "email": "info@heijmans.nl",
    "phone": "073-5435000"
  },
  {
    "name": "Jongeneel Bouw",
    "slug": "jongeneel-bouw",
    "tagline": "Bouwmaterialen & aannemersdiensten",
    "categories": ["Aannemer"],
    "city": "Utrecht",
    "website": "https://www.jongeneel.nl/",
    "email": "info@jongeneel.nl",
    "phone": "030-2861500"
  },
  {
    "name": "Klusbedrijf Jansen & Zn.",
    "slug": "klusbedrijf-jansen-en-zn",
    "tagline": "Totaalonderhoud en verbouw",
    "categories": ["Klusbedrijf", "Aannemer"],
    "city": "Apeldoorn",
    "website": "https://klusbedrijfjansen.nl/",
    "email": "info@klusbedrijfjansen.nl",
    "phone": "055-5338266"
  },
  {
    "name": "Stukadoorsbedrijf Vermeulen",
    "slug": "stukadoorsbedrijf-vermeulen",
    "tagline": "Wand- en plafondafwerking – Breda",
    "categories": ["Stukadoor"],
    "city": "Breda",
    "website": "https://stukadoorsbedrijfvermeulen.nl/",
    "email": "info@stukadoorsbedrijfvermeulen.nl",
    "phone": "076-5654811"
  },
  {
    "name": "Stukadoorsbedrijf van Dongen",
    "slug": "stukadoorsbedrijf-van-dongen",
    "tagline": "Specialist in sierpleister en spachtelputz",
    "categories": ["Stukadoor"],
    "city": "Tilburg",
    "website": "https://stukadoorvandongen.nl/",
    "email": "info@stukadoorvandongen.nl",
    "phone": "013-4679877"
  },
  {
    "name": "Tegelzetbedrijf Roelofs",
    "slug": "tegelzetbedrijf-roelofs",
    "tagline": "Vloer- en wandtegelwerk – Arnhem",
    "categories": ["Tegelzetter"],
    "city": "Arnhem",
    "website": "https://tegelzetbedrijfroelofs.nl/",
    "email": "info@tegelzetbedrijfroelofs.nl",
    "phone": "026-4438822"
  },
  {
    "name": "Tegelzetbedrijf van Dijk",
    "slug": "tegelzetbedrijf-van-dijk",
    "tagline": "Badkamers & vloeren – Rotterdam",
    "categories": ["Tegelzetter"],
    "city": "Rotterdam",
    "website": "https://tegelzetbedrijfvandijk.nl/",
    "email": "info@tegelzetbedrijfvandijk.nl",
    "phone": "010-4184501"
  },
  {
    "name": "Zon&Co Zonnepanelen",
    "slug": "zon-en-co-zonnepanelen",
    "tagline": "Duurzame energie voor iedereen",
    "categories": ["Zonnepanelen", "Duurzaam"],
    "city": "Amersfoort",
    "website": "https://www.zonen.co/",
    "email": "info@zonen.co",
    "phone": "033-2858535"
  },
  {
    "name": "SolarNRG",
    "slug": "solarnrg",
    "tagline": "Zonnepanelen, omvormers en batterijen",
    "categories": ["Zonnepanelen", "Installatie"],
    "city": "Poeldijk",
    "website": "https://www.solarnrg.nl/",
    "email": "info@solarnrg.nl",
    "phone": "0174-764300"
  },
  {
    "name": "Zonduurzaam Installaties",
    "slug": "zonduurzaam-installaties",
    "tagline": "Advies en montage van zonnepanelen",
    "categories": ["Zonnepanelen", "Installatie"],
    "city": "Nijmegen",
    "website": "https://zonduurzaam.nl/",
    "email": "info@zonduurzaam.nl",
    "phone": "024-2022204"
  },
  {
    "name": "Airco Specialist Noord",
    "slug": "airco-specialist-noord",
    "tagline": "Installatie en onderhoud van airco’s",
    "categories": ["Airco", "Installatie"],
    "city": "Groningen",
    "website": "https://www.aircospecialistnoord.nl/",
    "email": "info@aircospecialistnoord.nl",
    "phone": "050-2113856"
  },
  {
    "name": "CoolComfort Airconditioning",
    "slug": "coolcomfort-airconditioning",
    "tagline": "Particulier & zakelijk – Eindhoven",
    "categories": ["Airco", "Installatie"],
    "city": "Eindhoven",
    "website": "https://www.coolcomfort.nl/",
    "email": "info@coolcomfort.nl",
    "phone": "040-8200350"
  },
  {
    "name": "Vloerexpert Nederland",
    "slug": "vloerexpert-nederland",
    "tagline": "PVC, laminaat en gietvloeren",
    "categories": ["Vloeren", "Woninginrichting"],
    "city": "Zwolle",
    "website": "https://www.vloerexpert.nl/",
    "email": "info@vloerexpert.nl",
    "phone": "038-2022595"
  },
  {
    "name": "De Vloerenkamer",
    "slug": "de-vloerenkamer",
    "tagline": "Specialist in parketvloeren – Leiden",
    "categories": ["Vloeren"],
    "city": "Leiden",
    "website": "https://www.devloerenkamer.nl/",
    "email": "info@devloerenkamer.nl",
    "phone": "071-5124082"
  },
  {
    "name": "Vloermeesters BV",
    "slug": "vloermeesters-bv",
    "tagline": "Professioneel vloerenbedrijf – Breda",
    "categories": ["Vloeren"],
    "city": "Breda",
    "website": "https://vloermeesters.nl/",
    "email": "info@vloermeesters.nl",
    "phone": "076-2050077"
  },
  {
    "name": "Isolatie Totaal Nederland",
    "slug": "isolatie-totaal-nederland",
    "tagline": "Spouwmuur-, dak- en vloerisolatie",
    "categories": ["Isolatie"],
    "city": "Deventer",
    "website": "https://isolatietotaalnederland.nl/",
    "email": "info@isolatietotaalnederland.nl",
    "phone": "0570-230112"
  },
  {
    "name": "Pluimers Isolatie",
    "slug": "pluimers-isolatie",
    "tagline": "Energie besparen met isolatie – sinds 1977",
    "categories": ["Isolatie"],
    "city": "Rijssen",
    "website": "https://www.pluimers.nl/",
    "email": "info@pluimers.nl",
    "phone": "0548-540540"
  },
  {
    "name": "Glascentrum Brabant",
    "slug": "glascentrum-brabant",
    "tagline": "HR++ glas en glasherstel",
    "categories": ["Glaszetter"],
    "city": "Tilburg",
    "website": "https://glascentrumbrabant.nl/",
    "email": "info@glascentrumbrabant.nl",
    "phone": "013-2032040"
  },
  {
    "name": "Van Noordenne Glas",
    "slug": "van-noordenne-glas",
    "tagline": "Isolatieglas en interieurglas – Gorinchem",
    "categories": ["Glaszetter"],
    "city": "Gorinchem",
    "website": "https://www.noordenneglas.nl/",
    "email": "info@noordenneglas.nl",
    "phone": "0183-632200"
  },
  {
    "name": "Glasindustrie De Maas",
    "slug": "glasindustrie-de-maas",
    "tagline": "Industrieel en particulier glaswerk",
    "categories": ["Glaszetter"],
    "city": "Rotterdam",
    "website": "https://glasdemaas.nl/",
    "email": "info@glasdemaas.nl",
    "phone": "010-2452666"
  }
]

