[
  {
    "timestamp": "2025-11-03T13:57:00Z",
    "message": "✅ Review 653f88e0 gemarkeerd als afgehandeld door admin"
  },
  {
    "timestamp": "2025-11-03T13:54:12Z",
    "message": "📩 E-mailnotificatie verzonden naar loodgieter.jan@example.com"
  },
  {
    "timestamp": "2025-11-03T13:52:48Z",
    "message": "💬 Nieuwe review ontvangen voor 'Schoonmaakbedrijf Iris'"
  },
  {
    "timestamp": "2025-11-03T13:50:31Z",
    "message": "⚠️ Fout bij SMTP-verbinding: time-out na 5 seconden"
  },
  {
    "timestamp": "2025-11-03T13:47:00Z",
    "message": "💡 Server herstart (Render dyno wake-up)"
  },
  {
    "timestamp": "2025-11-03T13:43:20Z",
    "message": "👤 Nieuwe bedrijfsregistratie: Dierenarts Zeeland"
  },
  {
    "timestamp": "2025-11-03T13:39:45Z",
    "message": "🔍 Zoekopdracht: loodgieter Amsterdam"
  },
  {
    "timestamp": "2025-11-03T13:36:15Z",
    "message": "✅ Databaseverbinding succesvol gemaakt (MongoDB Atlas)"
  },
  {
    "timestamp": "2025-11-03T13:34:02Z",
    "message": "💡 Irisje backend gestart op poort 10000"
  }
]
